Pclass,Sex,SibSp,Parch,Ticket,Fare,Embarked,Age,Survived,name_length
3.0,male,1.0,0.0,21171,7.25,S,22.0,no,23
1.0,female,1.0,0.0,17599,71.2833,C,38.0,yes,51
3.0,female,0.0,0.0,3101282,7.925,S,26.0,yes,22
1.0,female,1.0,0.0,113803,53.1,S,35.0,yes,44
3.0,male,0.0,0.0,373450,8.05,S,35.0,no,24
3.0,male,0.0,0.0,330877,8.4583,Q,29.69911764705882,no,16
1.0,male,0.0,0.0,17463,51.8625,S,54.0,no,23
3.0,male,3.0,1.0,349909,21.075,S,2.0,no,30
3.0,female,0.0,2.0,347742,11.1333,S,27.0,yes,49
2.0,female,1.0,0.0,237736,30.0708,C,14.0,yes,35
3.0,female,1.0,1.0,9549,16.7,S,4.0,yes,31
1.0,female,0.0,0.0,113783,26.55,S,58.0,yes,24
3.0,male,0.0,0.0,2151,8.05,S,20.0,no,30
3.0,male,1.0,5.0,347082,31.275,S,39.0,no,27
3.0,female,0.0,0.0,350406,7.8542,S,14.0,no,36
2.0,female,0.0,0.0,248706,16.0,S,55.0,yes,32
3.0,male,4.0,1.0,382652,29.125,Q,2.0,no,20
2.0,male,0.0,0.0,244373,13.0,S,29.69911764705882,yes,28
3.0,female,1.0,0.0,345763,18.0,S,31.0,no,55
3.0,female,0.0,0.0,2649,7.225,C,29.69911764705882,yes,23
2.0,male,0.0,0.0,239865,26.0,S,35.0,no,20
2.0,male,0.0,0.0,248698,13.0,S,34.0,yes,21
3.0,female,0.0,0.0,330923,8.0292,Q,15.0,yes,27
1.0,male,0.0,0.0,113788,35.5,S,28.0,yes,28
3.0,female,3.0,1.0,349909,21.075,S,8.0,no,29
3.0,female,1.0,5.0,347077,31.3875,S,38.0,yes,57
3.0,male,0.0,0.0,2631,7.225,C,29.69911764705882,no,23
1.0,male,3.0,2.0,19950,263.0,S,19.0,no,30
3.0,female,0.0,0.0,330959,7.8792,Q,29.69911764705882,yes,29
3.0,male,0.0,0.0,349216,7.8958,S,29.69911764705882,no,19
1.0,male,0.0,0.0,17601,27.7208,C,40.0,no,24
1.0,female,1.0,0.0,17569,146.5208,C,29.69911764705882,yes,46
3.0,female,0.0,0.0,335677,7.75,Q,29.69911764705882,yes,24
2.0,male,0.0,0.0,24579,10.5,S,66.0,no,21
1.0,male,1.0,0.0,17604,82.1708,C,28.0,no,23
1.0,male,1.0,0.0,113789,52.0,S,42.0,no,30
3.0,male,0.0,0.0,2677,7.2292,C,29.69911764705882,yes,16
3.0,male,0.0,0.0,2152,8.05,S,21.0,no,24
3.0,female,2.0,0.0,345764,18.0,S,18.0,no,34
3.0,female,1.0,0.0,2651,11.2417,C,14.0,yes,27
3.0,female,1.0,0.0,7546,9.475,S,40.0,no,46
2.0,female,1.0,0.0,11668,21.0,S,27.0,no,56
3.0,male,0.0,0.0,349253,7.8958,C,29.69911764705882,no,19
2.0,female,1.0,2.0,2123,41.5792,C,3.0,yes,40
3.0,female,0.0,0.0,330958,7.8792,Q,19.0,yes,29
3.0,male,0.0,0.0,23567,8.05,S,29.69911764705882,no,24
3.0,male,1.0,0.0,370371,15.5,Q,29.69911764705882,no,17
3.0,female,0.0,0.0,14311,7.75,Q,29.69911764705882,yes,25
3.0,male,2.0,0.0,2662,21.6792,C,29.69911764705882,no,19
3.0,female,1.0,0.0,349237,17.8,S,18.0,no,45
3.0,male,4.0,1.0,3101295,39.6875,S,7.0,no,26
3.0,male,0.0,0.0,39886,7.8,S,21.0,no,28
1.0,female,1.0,0.0,17572,76.7292,C,49.0,yes,40
2.0,female,1.0,0.0,2926,26.0,S,29.0,yes,50
1.0,male,0.0,1.0,113509,61.9792,C,65.0,no,30
1.0,male,0.0,0.0,19947,35.5,S,29.69911764705882,yes,17
2.0,female,0.0,0.0,31026,10.5,S,21.0,yes,17
3.0,male,0.0,0.0,2697,7.2292,C,28.5,no,19
2.0,female,1.0,2.0,34651,27.75,S,5.0,yes,28
3.0,male,5.0,2.0,2144,46.9,S,11.0,no,34
3.0,male,0.0,0.0,2669,7.2292,C,22.0,no,21
1.0,male,1.0,0.0,36973,83.475,S,45.0,no,27
3.0,male,3.0,2.0,347088,27.9,S,4.0,no,21
1.0,male,0.0,0.0,17605,27.7208,C,29.69911764705882,no,21
3.0,male,1.0,1.0,2661,15.2458,C,29.69911764705882,yes,24
2.0,female,0.0,0.0,29395,10.5,S,29.0,yes,28
3.0,male,0.0,0.0,3464,8.1583,S,19.0,no,24
3.0,female,4.0,2.0,3101281,7.925,S,17.0,yes,31
3.0,male,2.0,0.0,315151,8.6625,S,26.0,no,17
2.0,male,0.0,0.0,33111,10.5,S,32.0,no,26
3.0,female,5.0,2.0,2144,46.9,S,16.0,no,26
2.0,male,0.0,0.0,14879,73.5,S,21.0,no,20
3.0,male,1.0,0.0,2680,14.4542,C,26.0,no,27
3.0,male,0.0,0.0,1601,56.4958,S,32.0,yes,13
3.0,male,0.0,0.0,348123,7.65,S,25.0,no,23
3.0,male,0.0,0.0,349208,7.8958,S,29.69911764705882,no,17
3.0,male,0.0,0.0,374746,8.05,S,29.69911764705882,no,24
2.0,male,0.0,2.0,248738,29.0,S,0.83,yes,29
3.0,female,0.0,0.0,364516,12.475,S,30.0,yes,24
3.0,male,0.0,0.0,345767,9.0,S,22.0,no,20
3.0,male,0.0,0.0,345779,9.5,S,29.0,yes,27
3.0,female,0.0,0.0,330932,7.7875,Q,29.69911764705882,yes,30
1.0,male,0.0,0.0,113059,47.1,S,28.0,no,23
2.0,female,0.0,0.0,14885,10.5,S,17.0,yes,19
3.0,female,3.0,0.0,3101278,15.85,S,33.0,yes,55
3.0,male,1.0,3.0,6608,34.375,S,16.0,no,22
3.0,male,0.0,0.0,392086,8.05,S,29.69911764705882,no,29
1.0,female,3.0,2.0,19950,263.0,S,23.0,yes,26
3.0,male,0.0,0.0,343275,8.05,S,24.0,no,22
3.0,male,0.0,0.0,343276,8.05,S,29.0,no,20
3.0,male,0.0,0.0,347466,7.8542,S,20.0,no,26
1.0,male,1.0,0.0,5734,61.175,S,46.0,no,27
3.0,male,1.0,2.0,2315,20.575,S,26.0,no,23
3.0,male,0.0,0.0,364500,7.25,S,59.0,no,17
3.0,male,0.0,0.0,374910,8.05,S,29.69911764705882,no,27
1.0,male,0.0,0.0,17754,34.6542,C,71.0,no,25
1.0,male,0.0,1.0,17759,63.3583,C,23.0,yes,31
2.0,female,0.0,1.0,231919,23.0,S,34.0,yes,36
2.0,male,1.0,0.0,244367,26.0,S,34.0,no,17
3.0,female,0.0,0.0,349245,7.8958,S,28.0,no,23
3.0,male,0.0,0.0,349215,7.8958,S,29.69911764705882,no,32
1.0,male,0.0,1.0,35281,77.2875,S,21.0,no,25
3.0,male,0.0,0.0,7540,8.6542,S,33.0,no,26
3.0,male,2.0,0.0,3101276,7.925,S,37.0,no,30
3.0,male,0.0,0.0,349207,7.8958,S,28.0,no,21
3.0,female,0.0,0.0,343120,7.65,S,21.0,yes,32
3.0,male,0.0,0.0,312991,7.775,S,29.69911764705882,yes,22
3.0,male,0.0,0.0,349249,7.8958,S,38.0,no,15
3.0,female,1.0,0.0,371110,24.15,Q,29.69911764705882,yes,19
1.0,male,0.0,0.0,110465,52.0,S,47.0,no,30
3.0,female,1.0,0.0,2665,14.4542,C,14.5,no,20
3.0,male,0.0,0.0,324669,8.05,S,22.0,no,22
3.0,female,1.0,0.0,4136,9.825,S,20.0,no,23
3.0,female,0.0,0.0,2627,14.4583,C,17.0,no,21
3.0,male,0.0,0.0,3101294,7.925,S,21.0,no,21
3.0,male,0.0,0.0,370369,7.75,Q,70.5,no,20
2.0,male,1.0,0.0,11668,21.0,S,29.0,no,31
1.0,male,0.0,1.0,17558,247.5208,C,24.0,no,24
3.0,female,4.0,2.0,347082,31.275,S,2.0,no,33
2.0,male,2.0,0.0,14879,73.5,S,21.0,no,27
3.0,male,0.0,0.0,54510,8.05,S,29.69911764705882,no,26
2.0,male,1.0,0.0,237736,30.0708,C,32.5,no,20
2.0,female,0.0,0.0,27267,13.0,S,32.5,yes,19
1.0,male,0.0,1.0,35281,77.2875,S,54.0,no,27
3.0,male,1.0,0.0,2651,11.2417,C,12.0,yes,28
3.0,male,0.0,0.0,370372,7.75,Q,29.69911764705882,no,19
3.0,male,0.0,0.0,17369,7.1417,S,24.0,yes,25
3.0,female,1.0,1.0,2668,22.3583,C,29.69911764705882,yes,17
3.0,male,0.0,0.0,347061,6.975,S,45.0,no,18
3.0,male,0.0,0.0,349241,7.8958,C,33.0,no,20
3.0,male,0.0,0.0,3101307,7.05,S,20.0,no,30
3.0,female,1.0,0.0,3337,14.5,S,47.0,no,46
2.0,female,1.0,0.0,228414,26.0,S,29.0,yes,45
2.0,male,0.0,0.0,29178,13.0,S,25.0,no,30
2.0,male,0.0,0.0,2133,15.0458,C,23.0,no,18
1.0,female,0.0,2.0,11752,26.2833,S,19.0,yes,28
1.0,male,1.0,0.0,113803,53.1,S,37.0,no,27
3.0,male,0.0,0.0,7534,9.2167,S,16.0,no,19
1.0,male,0.0,0.0,17593,79.2,C,24.0,no,18
3.0,female,0.0,2.0,2678,15.2458,C,29.69911764705882,no,29
3.0,female,0.0,0.0,347081,7.75,S,22.0,yes,24
3.0,female,1.0,0.0,3101279,15.85,S,24.0,yes,52
3.0,male,0.0,0.0,365222,6.75,Q,19.0,no,19
2.0,male,0.0,0.0,231945,11.5,S,18.0,no,26
2.0,male,1.0,1.0,33112,36.75,S,19.0,no,28
3.0,male,0.0,0.0,350043,7.7958,S,27.0,yes,44
3.0,female,2.0,2.0,6608,34.375,S,9.0,no,32
2.0,male,0.0,2.0,230080,26.0,S,36.5,no,40
2.0,male,0.0,0.0,244310,13.0,S,42.0,no,33
2.0,male,0.0,0.0,1166,12.525,S,51.0,no,26
1.0,female,1.0,0.0,113776,66.6,S,22.0,yes,33
3.0,male,0.0,0.0,11206,8.05,S,55.5,no,16
3.0,male,0.0,2.0,851,14.5,S,40.5,no,31
3.0,male,0.0,0.0,265302,7.3125,S,29.69911764705882,no,21
1.0,male,0.0,1.0,17597,61.3792,C,51.0,no,27
3.0,female,0.0,0.0,35851,7.7333,Q,16.0,yes,32
3.0,male,0.0,0.0,392090,8.05,S,30.0,no,15
3.0,male,0.0,0.0,315037,8.6625,S,29.69911764705882,no,19
3.0,male,8.0,2.0,2343,69.55,S,29.69911764705882,no,26
3.0,male,0.0,1.0,371362,16.1,S,44.0,no,24
2.0,female,0.0,0.0,33595,15.75,S,40.0,yes,50
3.0,male,0.0,0.0,347068,7.775,S,26.0,no,26
3.0,male,0.0,0.0,315093,8.6625,S,17.0,no,15
3.0,male,4.0,1.0,3101295,39.6875,S,1.0,no,28
3.0,male,0.0,2.0,363291,20.525,S,9.0,yes,47
1.0,female,0.0,1.0,113505,55.0,S,29.69911764705882,yes,38
3.0,female,1.0,4.0,347088,27.9,S,45.0,no,47
1.0,male,0.0,0.0,17318,25.925,S,29.69911764705882,no,19
3.0,male,0.0,0.0,1601,56.4958,S,28.0,no,13
1.0,male,0.0,0.0,111240,33.5,S,61.0,no,25
3.0,male,4.0,1.0,382652,29.125,Q,4.0,no,20
3.0,female,1.0,1.0,347742,11.1333,S,1.0,yes,28
3.0,male,0.0,0.0,3101280,7.925,S,21.0,no,25
1.0,male,0.0,0.0,17764,30.6958,C,56.0,no,23
3.0,male,1.0,1.0,350404,7.8542,S,18.0,no,22
3.0,male,3.0,1.0,4133,25.4667,S,29.69911764705882,no,29
1.0,female,0.0,0.0,17595,28.7125,C,50.0,no,26
2.0,male,0.0,0.0,250653,13.0,S,30.0,no,18
3.0,male,0.0,0.0,0,0.0,S,36.0,no,19
3.0,female,8.0,2.0,2343,69.55,S,29.69911764705882,no,28
2.0,male,0.0,0.0,2131,15.05,C,29.69911764705882,no,16
3.0,male,4.0,2.0,347077,31.3875,S,9.0,no,37
2.0,male,2.0,1.0,230136,39.0,S,1.0,yes,25
3.0,female,0.0,2.0,315153,22.025,S,4.0,yes,35
1.0,male,0.0,0.0,113767,50.0,S,29.69911764705882,no,21
3.0,female,1.0,0.0,370365,15.5,Q,29.69911764705882,yes,47
1.0,male,0.0,0.0,111428,26.55,S,45.0,yes,45
3.0,male,1.0,1.0,364849,15.5,Q,40.0,no,16
3.0,male,0.0,0.0,349247,7.8958,S,36.0,no,19
2.0,female,0.0,0.0,234604,13.0,S,32.0,yes,19
2.0,male,0.0,0.0,28424,13.0,S,19.0,no,21
3.0,female,1.0,0.0,350046,7.8542,S,19.0,yes,47
2.0,male,1.0,1.0,230080,26.0,S,3.0,yes,26
1.0,female,0.0,0.0,17610,27.7208,C,44.0,yes,41
1.0,female,0.0,0.0,17569,146.5208,C,58.0,yes,20
3.0,male,0.0,0.0,368703,7.75,Q,29.69911764705882,no,19
3.0,male,0.0,1.0,4579,8.4042,S,42.0,no,32
3.0,female,0.0,0.0,370370,7.75,Q,29.69911764705882,yes,32
2.0,female,0.0,0.0,248747,13.0,S,24.0,no,38
3.0,male,0.0,0.0,345770,9.5,S,28.0,no,30
3.0,male,8.0,2.0,2343,69.55,S,29.69911764705882,no,19
3.0,male,0.0,0.0,3101264,6.4958,S,34.0,no,26
3.0,male,0.0,0.0,2628,7.225,C,45.5,no,20
3.0,male,0.0,0.0,3540,8.05,S,18.0,yes,24
3.0,female,0.0,1.0,347054,10.4625,S,2.0,no,26
3.0,male,1.0,0.0,3101278,15.85,S,32.0,no,26
3.0,male,0.0,0.0,2699,18.7875,C,26.0,yes,27
3.0,female,0.0,0.0,367231,7.75,Q,16.0,yes,25
1.0,male,0.0,0.0,112277,31.0,C,40.0,yes,16
3.0,male,0.0,0.0,3101311,7.05,S,24.0,no,14
2.0,female,0.0,0.0,13528,21.0,S,35.0,yes,26
3.0,male,0.0,0.0,21174,7.25,S,22.0,no,22
2.0,male,0.0,0.0,250646,13.0,S,30.0,no,27
3.0,male,1.0,0.0,367229,7.75,Q,29.69911764705882,no,19
1.0,female,1.0,0.0,35273,113.275,C,31.0,yes,23
3.0,female,0.0,0.0,3101283,7.925,S,27.0,yes,22
2.0,male,1.0,0.0,243847,27.0,S,42.0,no,28
1.0,female,0.0,0.0,11813,76.2917,C,32.0,yes,21
2.0,male,0.0,0.0,14208,10.5,S,30.0,no,18
3.0,male,0.0,0.0,392089,8.05,S,16.0,yes,30
2.0,male,0.0,0.0,220367,13.0,S,27.0,no,20
3.0,male,0.0,0.0,21440,8.05,S,51.0,no,23
3.0,male,0.0,0.0,349234,7.8958,S,29.69911764705882,no,20
1.0,male,1.0,0.0,19943,90.0,S,38.0,yes,28
3.0,male,0.0,0.0,4348,9.35,S,22.0,no,28
2.0,male,0.0,0.0,751,10.5,S,19.0,yes,25
3.0,male,0.0,0.0,21173,7.25,S,20.5,no,31
2.0,male,0.0,0.0,236171,13.0,S,18.0,no,25
3.0,female,3.0,1.0,4133,25.4667,S,29.69911764705882,no,23
1.0,female,1.0,0.0,36973,83.475,S,35.0,yes,44
3.0,male,0.0,0.0,347067,7.775,S,29.0,no,24
2.0,male,0.0,0.0,237442,13.5,S,59.0,no,25
3.0,female,4.0,2.0,347077,31.3875,S,5.0,yes,30
2.0,male,0.0,0.0,29566,10.5,S,24.0,no,33
3.0,female,0.0,0.0,6609,7.55,S,29.69911764705882,no,28
2.0,male,1.0,0.0,26707,26.0,S,44.0,no,17
2.0,female,0.0,2.0,31921,26.25,S,8.0,yes,32
2.0,male,0.0,0.0,28665,10.5,S,19.0,no,31
2.0,male,0.0,0.0,1585,12.275,S,33.0,no,22
3.0,female,1.0,0.0,2665,14.4542,C,29.69911764705882,no,21
3.0,female,1.0,0.0,367230,15.5,Q,29.69911764705882,yes,30
2.0,male,0.0,0.0,14263,10.5,S,29.0,no,31
3.0,male,0.0,0.0,3101275,7.125,S,22.0,no,29
3.0,male,0.0,0.0,2694,7.225,C,30.0,no,20
1.0,male,2.0,0.0,19928,90.0,Q,44.0,no,27
3.0,female,0.0,0.0,347071,7.775,S,25.0,no,37
2.0,female,0.0,2.0,250649,14.5,S,24.0,yes,31
1.0,male,1.0,1.0,11751,52.5542,S,37.0,yes,29
2.0,male,1.0,0.0,244252,26.0,S,54.0,no,29
3.0,male,0.0,0.0,362316,7.25,S,29.69911764705882,no,22
3.0,female,1.0,1.0,347054,10.4625,S,29.0,no,42
1.0,male,0.0,0.0,113514,26.55,S,62.0,no,25
3.0,male,1.0,0.0,3336,16.1,S,30.0,no,24
3.0,female,0.0,2.0,370129,20.2125,S,41.0,no,40
3.0,female,0.0,2.0,2650,15.2458,C,29.0,yes,39
1.0,female,0.0,0.0,17585,79.2,C,29.69911764705882,yes,30
1.0,female,0.0,0.0,110152,86.5,S,30.0,yes,20
1.0,female,0.0,0.0,17755,512.3292,C,35.0,yes,16
2.0,female,0.0,1.0,230433,26.0,S,50.0,yes,27
3.0,male,0.0,0.0,384461,7.75,Q,29.69911764705882,no,17
3.0,male,4.0,2.0,347077,31.3875,S,3.0,yes,33
1.0,male,1.0,1.0,110413,79.65,S,52.0,no,17
1.0,male,0.0,0.0,112059,0.0,S,40.0,no,21
3.0,female,0.0,0.0,382649,7.75,Q,29.69911764705882,no,18
2.0,male,0.0,0.0,17248,10.5,S,36.0,no,17
3.0,male,4.0,1.0,3101295,39.6875,S,16.0,no,25
3.0,male,1.0,0.0,347083,7.775,S,25.0,yes,24
1.0,female,0.0,1.0,17582,153.4625,S,58.0,yes,45
1.0,female,0.0,0.0,17760,135.6333,S,35.0,yes,22
1.0,male,0.0,0.0,113798,31.0,S,29.69911764705882,no,21
3.0,male,0.0,0.0,0,0.0,S,25.0,yes,28
2.0,female,0.0,1.0,250644,19.5,S,41.0,yes,41
1.0,male,0.0,1.0,17596,29.7,C,37.0,no,21
3.0,female,0.0,0.0,370375,7.75,Q,29.69911764705882,yes,26
1.0,female,1.0,0.0,13502,77.9583,S,63.0,yes,33
3.0,female,0.0,0.0,347073,7.75,S,45.0,no,33
2.0,male,0.0,0.0,239853,0.0,S,29.69911764705882,no,27
3.0,male,4.0,1.0,382652,29.125,Q,7.0,no,18
3.0,female,1.0,1.0,2673,20.25,S,35.0,yes,32
3.0,male,0.0,0.0,336439,7.75,Q,65.0,no,16
3.0,male,0.0,0.0,347464,7.8542,S,28.0,no,32
3.0,male,0.0,0.0,345778,9.5,S,16.0,no,25
3.0,male,0.0,0.0,10482,8.05,S,19.0,yes,26
1.0,male,0.0,0.0,113056,26.0,S,29.69911764705882,no,26
3.0,male,0.0,0.0,349239,8.6625,C,33.0,no,19
3.0,male,0.0,0.0,345774,9.5,S,30.0,yes,23
3.0,male,0.0,0.0,349206,7.8958,S,22.0,no,20
2.0,male,0.0,0.0,237798,13.0,S,42.0,yes,20
3.0,female,0.0,0.0,370373,7.75,Q,22.0,yes,20
1.0,female,0.0,0.0,19877,78.85,S,26.0,yes,28
1.0,female,1.0,0.0,11967,91.0792,C,19.0,yes,39
2.0,male,0.0,0.0,2163,12.875,C,36.0,no,22
3.0,female,0.0,0.0,349236,8.85,S,24.0,no,19
3.0,male,0.0,0.0,349233,7.8958,S,24.0,no,16
1.0,male,0.0,0.0,17612,27.7208,C,29.69911764705882,no,17
3.0,male,0.0,0.0,2693,7.2292,C,23.5,no,18
1.0,female,1.0,2.0,113781,151.55,S,2.0,no,28
1.0,male,0.0,0.0,19988,30.5,S,29.69911764705882,yes,21
1.0,female,0.0,1.0,17558,247.5208,C,50.0,yes,47
3.0,female,0.0,0.0,9234,7.75,Q,29.69911764705882,yes,40
3.0,male,2.0,0.0,367226,23.25,Q,29.69911764705882,yes,18
3.0,male,0.0,0.0,0,0.0,S,19.0,no,31
2.0,female,0.0,0.0,226593,12.35,Q,29.69911764705882,yes,19
3.0,male,0.0,0.0,2466,8.05,S,29.69911764705882,no,33
1.0,male,1.0,2.0,113781,151.55,S,0.92,yes,30
1.0,female,0.0,0.0,17421,110.8833,C,29.69911764705882,yes,23
1.0,female,1.0,0.0,17758,108.9,C,17.0,yes,82
2.0,male,1.0,0.0,3381,24.0,C,30.0,no,19
1.0,female,0.0,0.0,17485,56.9292,C,30.0,yes,30
1.0,female,0.0,0.0,11767,83.1583,C,24.0,yes,30
1.0,female,2.0,2.0,17608,262.375,C,18.0,yes,26
2.0,female,1.0,1.0,250651,26.0,S,26.0,no,37
3.0,male,0.0,0.0,349243,7.8958,S,28.0,no,22
2.0,male,1.0,1.0,13529,26.25,S,43.0,no,18
3.0,female,0.0,0.0,347470,7.8542,S,26.0,yes,31
2.0,female,1.0,0.0,244367,26.0,S,24.0,yes,35
2.0,male,0.0,0.0,29011,14.0,S,54.0,no,20
1.0,female,0.0,2.0,36928,164.8667,S,31.0,yes,24
1.0,female,1.0,1.0,16966,134.5,C,40.0,yes,56
3.0,male,0.0,0.0,21172,7.25,S,22.0,no,18
3.0,male,0.0,0.0,349219,7.8958,S,27.0,no,16
2.0,female,0.0,0.0,234818,12.35,Q,30.0,yes,25
2.0,female,1.0,1.0,248738,29.0,S,22.0,yes,51
3.0,male,8.0,2.0,2343,69.55,S,29.69911764705882,no,24
1.0,female,0.0,0.0,17760,135.6333,C,36.0,yes,24
3.0,male,0.0,0.0,345364,6.2375,S,61.0,no,25
2.0,female,0.0,0.0,28551,13.0,S,36.0,yes,23
3.0,female,1.0,1.0,363291,20.525,S,31.0,yes,46
1.0,female,0.0,1.0,111361,57.9792,C,16.0,yes,28
3.0,female,2.0,0.0,367226,23.25,Q,29.69911764705882,yes,18
1.0,male,0.0,0.0,113043,28.5,S,45.5,no,19
1.0,male,0.0,1.0,17582,153.4625,S,38.0,no,25
3.0,male,2.0,0.0,345764,18.0,S,16.0,no,31
1.0,female,1.0,0.0,17611,133.65,S,29.69911764705882,yes,50
3.0,male,0.0,0.0,349225,7.8958,S,29.69911764705882,no,18
1.0,male,1.0,0.0,113776,66.6,S,29.0,no,25
1.0,female,0.0,0.0,16966,134.5,C,41.0,yes,31
3.0,male,0.0,0.0,7598,8.05,S,45.0,yes,21
1.0,male,0.0,0.0,113784,35.5,S,45.0,no,28
2.0,male,1.0,1.0,230080,26.0,S,2.0,yes,30
1.0,female,3.0,2.0,19950,263.0,S,24.0,yes,30
2.0,male,0.0,0.0,248740,13.0,S,28.0,no,26
2.0,male,0.0,0.0,244361,13.0,S,25.0,no,42
2.0,male,0.0,0.0,229236,13.0,S,36.0,no,23
2.0,female,0.0,0.0,248733,13.0,S,24.0,yes,29
2.0,female,0.0,0.0,31418,13.0,S,40.0,yes,25
3.0,female,1.0,0.0,386525,16.1,S,29.69911764705882,yes,41
3.0,male,1.0,1.0,37671,15.9,S,3.0,yes,38
3.0,male,0.0,0.0,315088,8.6625,S,42.0,no,16
3.0,male,0.0,0.0,7267,9.225,S,23.0,no,22
1.0,male,0.0,0.0,113510,35.0,S,29.69911764705882,no,38
3.0,male,1.0,1.0,2695,7.2292,C,15.0,no,18
3.0,male,1.0,0.0,349237,17.8,S,25.0,no,25
3.0,male,0.0,0.0,2647,7.225,C,29.69911764705882,no,17
3.0,male,0.0,0.0,345783,9.5,S,28.0,no,27
1.0,female,0.0,1.0,113505,55.0,S,22.0,yes,27
2.0,female,0.0,0.0,237671,13.0,S,38.0,no,25
3.0,female,0.0,0.0,330931,7.8792,Q,29.69911764705882,yes,20
3.0,female,0.0,0.0,330980,7.8792,Q,29.69911764705882,yes,33
3.0,male,1.0,4.0,347088,27.9,S,40.0,no,18
2.0,male,1.0,0.0,2167,27.7208,C,29.0,no,25
3.0,female,0.0,1.0,2691,14.4542,C,45.0,no,31
3.0,male,0.0,0.0,3101310,7.05,S,35.0,no,15
3.0,male,1.0,0.0,370365,15.5,Q,29.69911764705882,no,19
3.0,male,0.0,0.0,7076,7.25,S,30.0,no,30
1.0,female,1.0,0.0,110813,75.25,C,60.0,yes,48
3.0,female,0.0,0.0,2626,7.2292,C,29.69911764705882,yes,30
3.0,female,0.0,0.0,14313,7.75,Q,29.69911764705882,yes,19
1.0,female,0.0,0.0,17477,69.3,C,24.0,yes,29
1.0,male,1.0,0.0,11765,55.4417,C,25.0,yes,27
3.0,male,1.0,0.0,3101267,6.4958,S,18.0,no,25
3.0,male,0.0,0.0,323951,8.05,S,19.0,no,26
1.0,male,0.0,0.0,17760,135.6333,C,22.0,no,19
3.0,female,3.0,1.0,349909,21.075,S,3.0,no,26
1.0,female,1.0,0.0,17604,82.1708,C,29.69911764705882,yes,37
3.0,female,0.0,0.0,7077,7.25,S,22.0,yes,31
1.0,male,0.0,2.0,113503,211.5,C,27.0,no,25
3.0,male,0.0,0.0,2648,4.0125,C,20.0,no,19
3.0,male,0.0,0.0,347069,7.775,S,19.0,no,27
1.0,female,0.0,0.0,17757,227.525,C,42.0,yes,21
3.0,female,0.0,2.0,2653,15.7417,C,1.0,yes,27
3.0,male,0.0,0.0,3101293,7.925,S,32.0,no,18
1.0,female,1.0,0.0,113789,52.0,S,35.0,yes,51
3.0,male,0.0,0.0,349227,7.8958,S,29.69911764705882,no,22
2.0,male,0.0,0.0,14879,73.5,S,18.0,no,25
3.0,male,5.0,2.0,2144,46.9,S,1.0,no,31
2.0,female,0.0,0.0,27849,13.0,S,36.0,yes,16
3.0,male,0.0,0.0,367655,7.7292,Q,29.69911764705882,no,20
2.0,female,0.0,0.0,1748,12.0,C,17.0,yes,21
1.0,male,1.0,2.0,113760,120.0,S,36.0,yes,26
3.0,male,0.0,0.0,350034,7.7958,S,21.0,yes,22
3.0,male,2.0,0.0,3101277,7.925,S,28.0,no,28
1.0,female,1.0,0.0,35273,113.275,C,23.0,yes,22
3.0,female,0.0,2.0,9549,16.7,S,24.0,yes,51
3.0,male,0.0,0.0,350052,7.7958,S,22.0,no,19
3.0,female,0.0,0.0,350407,7.8542,S,31.0,no,19
2.0,male,0.0,0.0,28403,26.0,S,46.0,no,23
2.0,male,0.0,0.0,244278,10.5,S,23.0,no,16
2.0,female,0.0,0.0,240929,12.65,S,28.0,yes,32
3.0,male,0.0,0.0,3101289,7.925,S,39.0,yes,18
3.0,male,0.0,0.0,341826,8.05,S,26.0,no,15
3.0,female,1.0,0.0,4137,9.825,S,21.0,no,24
3.0,male,1.0,0.0,3101279,15.85,S,28.0,no,30
3.0,female,0.0,0.0,315096,8.6625,S,20.0,no,23
2.0,male,1.0,0.0,28664,21.0,S,34.0,no,18
3.0,male,0.0,0.0,347064,7.75,S,51.0,no,32
2.0,male,1.0,1.0,29106,18.75,S,3.0,yes,30
3.0,male,0.0,0.0,312992,7.775,S,21.0,no,33
3.0,female,3.0,1.0,4133,25.4667,S,29.69911764705882,no,18
3.0,male,0.0,0.0,349222,7.8958,S,29.69911764705882,no,18
3.0,male,0.0,0.0,394140,6.8583,Q,29.69911764705882,no,15
1.0,female,1.0,0.0,19928,90.0,Q,33.0,yes,22
2.0,male,0.0,0.0,239853,0.0,S,29.69911764705882,no,30
3.0,male,0.0,0.0,3101269,7.925,S,44.0,yes,25
3.0,female,0.0,0.0,343095,8.05,S,29.69911764705882,no,39
2.0,female,1.0,1.0,28220,32.5,S,34.0,yes,47
2.0,female,0.0,2.0,250652,13.0,S,18.0,yes,29
2.0,male,0.0,0.0,28228,13.0,S,30.0,no,26
3.0,female,0.0,2.0,345773,24.15,S,10.0,no,25
3.0,male,0.0,0.0,349254,7.8958,C,29.69911764705882,no,22
3.0,male,0.0,0.0,13032,7.7333,Q,21.0,no,19
3.0,male,0.0,0.0,315082,7.875,S,29.0,no,18
3.0,female,1.0,1.0,347080,14.4,S,28.0,no,54
3.0,male,1.0,1.0,370129,20.2125,S,18.0,no,27
3.0,male,0.0,0.0,34244,7.25,S,29.69911764705882,no,22
2.0,female,1.0,0.0,2003,26.0,S,28.0,yes,43
2.0,female,0.0,0.0,250655,26.0,S,19.0,yes,67
3.0,male,0.0,0.0,364851,7.75,Q,29.69911764705882,no,16
3.0,male,0.0,0.0,392078,8.05,S,32.0,yes,34
1.0,male,0.0,0.0,110564,26.55,S,28.0,yes,41
3.0,female,1.0,0.0,376564,16.1,S,29.69911764705882,yes,49
2.0,female,1.0,0.0,3085,26.0,S,42.0,yes,51
3.0,male,0.0,0.0,3101274,7.125,S,17.0,no,26
1.0,male,1.0,0.0,13507,55.9,S,50.0,no,25
1.0,female,1.0,2.0,113760,120.0,S,14.0,yes,25
3.0,female,2.0,2.0,6608,34.375,S,21.0,no,36
2.0,female,2.0,3.0,29106,18.75,S,24.0,yes,37
1.0,male,1.0,4.0,19950,263.0,S,64.0,no,17
2.0,male,0.0,0.0,18723,10.5,S,31.0,no,38
2.0,female,1.0,1.0,13529,26.25,S,45.0,yes,43
3.0,male,0.0,0.0,345769,9.5,S,20.0,no,15
3.0,male,1.0,0.0,347076,7.775,S,25.0,no,25
2.0,female,0.0,0.0,230434,13.0,S,28.0,yes,25
3.0,male,0.0,0.0,65306,8.1125,S,29.69911764705882,yes,33
1.0,male,0.0,2.0,33638,81.8583,S,4.0,yes,25
2.0,female,0.0,1.0,250644,19.5,S,13.0,yes,33
1.0,male,0.0,0.0,113794,26.55,S,34.0,yes,27
3.0,female,2.0,1.0,2666,19.2583,C,5.0,yes,30
1.0,male,0.0,0.0,113786,30.5,S,52.0,yes,30
2.0,male,1.0,2.0,34651,27.75,S,36.0,no,21
3.0,male,1.0,0.0,65303,19.9667,S,29.69911764705882,no,31
1.0,male,0.0,0.0,113051,27.75,C,30.0,no,31
1.0,male,1.0,0.0,17453,89.1042,C,49.0,yes,24
3.0,male,0.0,0.0,2817,8.05,S,29.69911764705882,no,19
3.0,male,0.0,0.0,349240,7.8958,C,29.0,yes,18
1.0,male,0.0,0.0,13509,26.55,S,65.0,no,25
1.0,female,1.0,0.0,17464,51.8625,S,29.69911764705882,yes,33
2.0,female,0.0,0.0,13531,10.5,S,50.0,yes,19
3.0,male,0.0,0.0,371060,7.75,Q,29.69911764705882,no,21
1.0,male,0.0,0.0,19952,26.55,S,48.0,yes,19
3.0,male,0.0,0.0,364506,8.05,S,34.0,no,19
1.0,male,0.0,0.0,111320,38.5,S,47.0,no,17
2.0,male,0.0,0.0,234360,13.0,S,48.0,no,28
3.0,male,0.0,0.0,2816,8.05,S,29.69911764705882,no,18
3.0,male,0.0,0.0,3101306,7.05,S,38.0,no,31
2.0,male,0.0,0.0,239853,0.0,S,29.69911764705882,no,21
1.0,male,0.0,0.0,113792,26.55,S,56.0,no,26
3.0,male,0.0,0.0,36209,7.725,Q,29.69911764705882,no,18
3.0,female,2.0,1.0,2666,19.2583,C,0.75,yes,29
3.0,male,0.0,0.0,323592,7.25,S,29.69911764705882,no,17
3.0,male,0.0,0.0,315089,8.6625,S,38.0,no,15
2.0,female,1.0,2.0,34651,27.75,S,33.0,yes,39
2.0,female,0.0,0.0,541,13.7917,C,23.0,yes,44
3.0,female,0.0,0.0,7553,9.8375,S,22.0,no,27
1.0,male,0.0,0.0,110465,52.0,S,29.69911764705882,no,27
2.0,male,1.0,0.0,31027,21.0,S,34.0,no,23
3.0,male,1.0,0.0,3460,7.0458,S,29.0,no,25
3.0,male,0.0,0.0,350060,7.5208,S,22.0,no,25
3.0,female,0.0,1.0,3101298,12.2875,S,2.0,yes,24
3.0,male,5.0,2.0,2144,46.9,S,9.0,no,30
2.0,male,0.0,0.0,239854,0.0,S,29.69911764705882,no,32
3.0,male,0.0,0.0,3594,8.05,S,50.0,no,24
3.0,female,0.0,0.0,4134,9.5875,S,63.0,yes,22
1.0,male,1.0,0.0,11967,91.0792,C,25.0,yes,23
3.0,female,3.0,1.0,4133,25.4667,S,29.69911764705882,no,22
1.0,female,1.0,0.0,19943,90.0,S,35.0,yes,47
1.0,male,0.0,0.0,11771,29.7,C,58.0,no,23
3.0,male,0.0,0.0,18509,8.05,S,30.0,no,29
3.0,male,1.0,1.0,37671,15.9,S,9.0,yes,37
3.0,male,1.0,0.0,65304,19.9667,S,29.69911764705882,no,36
3.0,male,0.0,0.0,3101317,7.25,S,21.0,no,19
1.0,male,0.0,0.0,113787,30.5,S,55.0,no,26
1.0,male,0.0,0.0,17609,49.5042,C,71.0,no,23
3.0,male,0.0,0.0,45380,8.05,S,21.0,no,26
3.0,male,0.0,0.0,2627,14.4583,C,29.69911764705882,no,21
1.0,female,1.0,0.0,36947,78.2667,C,54.0,yes,30
3.0,male,0.0,0.0,6212,15.1,S,29.69911764705882,no,31
1.0,female,1.0,2.0,113781,151.55,S,25.0,no,47
3.0,male,0.0,0.0,350035,7.7958,S,24.0,no,18
3.0,male,0.0,0.0,315086,8.6625,S,17.0,no,16
3.0,female,0.0,0.0,364846,7.75,Q,21.0,no,19
3.0,female,0.0,0.0,330909,7.6292,Q,29.69911764705882,no,30
3.0,female,0.0,0.0,4135,9.5875,S,37.0,no,30
1.0,female,0.0,0.0,110152,86.5,S,16.0,yes,21
1.0,male,1.0,0.0,17758,108.9,C,18.0,no,42
2.0,female,0.0,2.0,26360,26.0,S,33.0,yes,45
1.0,male,0.0,0.0,111427,26.55,S,29.69911764705882,yes,45
3.0,male,0.0,0.0,4001,22.525,S,28.0,no,24
3.0,male,0.0,0.0,1601,56.4958,S,26.0,yes,14
3.0,male,0.0,0.0,382651,7.75,Q,29.0,yes,24
3.0,male,0.0,0.0,3101316,8.05,S,29.69911764705882,no,17
1.0,male,0.0,0.0,17473,26.2875,S,36.0,yes,25
1.0,female,1.0,0.0,17603,59.4,C,54.0,yes,46
3.0,male,0.0,0.0,349209,7.4958,S,24.0,no,17
1.0,male,0.0,0.0,36967,34.0208,S,47.0,no,28
2.0,female,0.0,0.0,34260,10.5,S,34.0,yes,28
3.0,male,0.0,0.0,371110,24.15,Q,29.69911764705882,no,17
2.0,female,1.0,0.0,226875,26.0,S,36.0,yes,52
3.0,male,0.0,0.0,349242,7.8958,S,32.0,no,19
1.0,female,0.0,0.0,12749,93.5,S,30.0,yes,21
3.0,male,0.0,0.0,349252,7.8958,S,22.0,no,15
3.0,male,0.0,0.0,2624,7.225,C,29.69911764705882,no,18
1.0,female,0.0,1.0,111361,57.9792,C,44.0,yes,47
3.0,male,0.0,0.0,2700,7.2292,C,29.69911764705882,no,17
3.0,male,0.0,0.0,367232,7.75,Q,40.5,no,18
2.0,female,0.0,0.0,14258,10.5,S,50.0,yes,20
1.0,male,0.0,0.0,17483,221.7792,S,29.69911764705882,no,18
3.0,male,0.0,0.0,3101296,7.925,S,39.0,no,25
2.0,male,2.0,1.0,29104,11.5,S,23.0,no,27
2.0,female,1.0,1.0,26360,26.0,S,2.0,yes,24
3.0,male,0.0,0.0,2641,7.2292,C,29.69911764705882,no,17
3.0,male,1.0,1.0,2690,7.2292,C,17.0,no,20
3.0,female,0.0,2.0,2668,22.3583,C,29.69911764705882,yes,38
3.0,female,0.0,0.0,315084,8.6625,S,30.0,no,19
2.0,female,0.0,2.0,13529,26.25,S,7.0,yes,22
1.0,male,0.0,0.0,113050,26.55,S,45.0,no,33
1.0,female,0.0,0.0,17761,106.425,C,30.0,yes,19
3.0,male,0.0,0.0,364498,14.5,S,29.69911764705882,no,24
1.0,female,0.0,2.0,13568,49.5,C,22.0,yes,34
1.0,female,0.0,2.0,5735,71.0,S,36.0,yes,23
3.0,female,4.0,2.0,347082,31.275,S,9.0,no,36
3.0,female,4.0,2.0,347082,31.275,S,11.0,no,33
2.0,male,1.0,0.0,2908,26.0,S,32.0,yes,17
1.0,male,1.0,0.0,17761,106.425,C,50.0,no,26
1.0,male,0.0,0.0,693,26.0,S,64.0,no,28
2.0,female,1.0,0.0,2908,26.0,S,19.0,yes,33
2.0,male,0.0,0.0,2146,13.8625,C,29.69911764705882,yes,26
3.0,male,1.0,1.0,363291,20.525,S,33.0,no,25
2.0,male,1.0,1.0,33112,36.75,S,8.0,yes,30
1.0,male,0.0,2.0,17421,110.8833,C,17.0,yes,27
2.0,male,0.0,0.0,244358,26.0,S,27.0,no,27
3.0,male,0.0,0.0,330979,7.8292,Q,29.69911764705882,no,20
3.0,male,0.0,0.0,2620,7.225,C,22.0,yes,33
3.0,female,0.0,0.0,347085,7.775,S,22.0,yes,18
1.0,male,0.0,0.0,113807,26.55,S,62.0,no,18
1.0,female,1.0,0.0,11755,39.6,C,48.0,yes,65
1.0,male,0.0,0.0,17757,227.525,C,29.69911764705882,no,19
1.0,female,1.0,1.0,110413,79.65,S,39.0,yes,38
3.0,female,1.0,0.0,345572,17.4,S,36.0,yes,44
3.0,male,0.0,0.0,372622,7.75,Q,29.69911764705882,no,24
3.0,male,0.0,0.0,349251,7.8958,S,40.0,no,17
2.0,male,0.0,0.0,218629,13.5,S,28.0,no,26
3.0,male,0.0,0.0,392082,8.05,S,29.69911764705882,no,17
3.0,female,0.0,0.0,392087,8.05,S,29.69911764705882,no,30
3.0,male,2.0,0.0,48871,24.15,S,24.0,no,20
3.0,male,0.0,0.0,349205,7.8958,S,19.0,no,20
3.0,female,0.0,4.0,349909,21.075,S,29.0,no,43
3.0,male,0.0,0.0,2686,7.2292,C,29.69911764705882,no,19
3.0,male,0.0,0.0,350417,7.8542,S,32.0,yes,17
2.0,male,0.0,0.0,752,10.5,S,62.0,yes,18
1.0,female,2.0,0.0,11769,51.4792,S,53.0,yes,45
1.0,male,0.0,0.0,17474,26.3875,S,36.0,yes,32
3.0,female,0.0,0.0,14312,7.75,Q,29.69911764705882,yes,17
3.0,male,0.0,0.0,20589,8.05,S,16.0,no,28
3.0,male,0.0,0.0,358585,14.5,S,19.0,no,20
2.0,female,0.0,0.0,243880,13.0,S,34.0,yes,20
1.0,female,1.0,0.0,13507,55.9,S,39.0,yes,41
3.0,female,1.0,0.0,2689,14.4583,C,29.69911764705882,no,32
3.0,male,0.0,0.0,3101286,7.925,S,32.0,yes,19
2.0,female,1.0,1.0,237789,30.0,S,25.0,yes,27
1.0,female,1.0,1.0,17421,110.8833,C,39.0,yes,52
2.0,male,0.0,0.0,28403,26.0,S,54.0,no,26
1.0,male,0.0,0.0,13049,40.125,C,36.0,no,19
3.0,male,0.0,0.0,3411,8.7125,C,29.69911764705882,no,19
1.0,female,0.0,2.0,110413,79.65,S,18.0,yes,19
2.0,male,0.0,0.0,237565,15.0,S,47.0,no,23
1.0,male,1.0,1.0,13567,79.2,C,60.0,yes,32
3.0,male,0.0,0.0,14973,8.05,S,22.0,no,21
3.0,male,0.0,0.0,3235,8.05,S,29.69911764705882,no,19
3.0,male,0.0,0.0,3101273,7.125,S,35.0,no,20
1.0,female,1.0,0.0,36947,78.2667,C,52.0,yes,47
3.0,male,0.0,0.0,3902,7.25,S,47.0,no,26
3.0,female,0.0,2.0,364848,7.75,Q,29.69911764705882,no,18
2.0,male,1.0,0.0,29037,26.0,S,37.0,no,23
3.0,male,1.0,1.0,345773,24.15,S,36.0,no,27
2.0,female,0.0,0.0,248727,33.0,S,29.69911764705882,yes,26
3.0,male,0.0,0.0,0,0.0,S,49.0,no,19
3.0,male,0.0,0.0,2664,7.225,C,29.69911764705882,no,17
1.0,male,1.0,0.0,17485,56.9292,C,49.0,yes,44
2.0,female,2.0,1.0,243847,27.0,S,24.0,yes,51
3.0,male,0.0,0.0,349214,7.8958,S,29.69911764705882,no,20
1.0,male,0.0,0.0,113796,42.4,S,29.69911764705882,no,25
3.0,male,0.0,0.0,364511,8.05,S,44.0,no,25
1.0,male,0.0,0.0,111426,26.55,C,35.0,yes,31
3.0,male,1.0,0.0,349910,15.55,S,36.0,no,29
3.0,male,0.0,0.0,349246,7.8958,S,30.0,no,17
1.0,male,0.0,0.0,113804,30.5,S,27.0,yes,27
2.0,female,1.0,2.0,2123,41.5792,C,22.0,yes,53
1.0,female,0.0,0.0,17582,153.4625,S,40.0,yes,25
3.0,female,1.0,5.0,347082,31.275,S,39.0,no,57
3.0,male,0.0,0.0,3101305,7.05,S,29.69911764705882,no,21
3.0,female,1.0,0.0,367230,15.5,Q,29.69911764705882,yes,27
3.0,male,0.0,0.0,370377,7.75,Q,29.69911764705882,no,16
3.0,male,0.0,0.0,364512,8.05,S,35.0,no,31
2.0,female,1.0,2.0,220845,65.0,S,24.0,yes,19
3.0,male,1.0,1.0,347080,14.4,S,34.0,no,25
3.0,female,1.0,0.0,3336,16.1,S,26.0,no,47
2.0,female,2.0,1.0,230136,39.0,S,4.0,yes,27
2.0,male,0.0,0.0,31028,10.5,S,26.0,no,19
3.0,male,1.0,0.0,2659,14.4542,C,27.0,no,19
1.0,male,1.0,0.0,11753,52.5542,S,42.0,yes,28
3.0,male,1.0,1.0,2653,15.7417,C,20.0,yes,16
3.0,male,0.0,0.0,350029,7.8542,S,21.0,no,27
3.0,male,0.0,0.0,54636,16.1,S,21.0,no,27
1.0,male,0.0,0.0,36963,32.3208,S,61.0,no,21
2.0,male,0.0,0.0,219533,12.35,Q,57.0,no,30
1.0,female,0.0,0.0,13502,77.9583,S,21.0,yes,29
3.0,male,0.0,0.0,349224,7.8958,S,26.0,no,25
3.0,male,0.0,0.0,334912,7.7333,Q,29.69911764705882,no,24
1.0,male,0.0,0.0,27042,30.0,S,80.0,yes,36
3.0,male,0.0,0.0,347743,7.0542,S,51.0,no,27
1.0,male,0.0,0.0,13214,30.5,C,32.0,yes,25
1.0,male,0.0,0.0,112052,0.0,S,29.69911764705882,no,29
3.0,female,3.0,2.0,347088,27.9,S,9.0,no,18
2.0,female,0.0,0.0,237668,13.0,S,28.0,yes,17
3.0,male,0.0,0.0,3101292,7.925,S,32.0,no,26
2.0,male,1.0,1.0,31921,26.25,S,31.0,no,19
3.0,female,0.0,5.0,3101295,39.6875,S,41.0,no,38
3.0,male,1.0,0.0,376564,16.1,S,29.69911764705882,no,26
3.0,male,0.0,0.0,350050,7.8542,S,20.0,no,22
1.0,female,0.0,0.0,17477,69.3,C,24.0,yes,20
3.0,female,3.0,2.0,347088,27.9,S,2.0,no,29
3.0,male,0.0,0.0,1601,56.4958,S,29.69911764705882,yes,15
3.0,female,2.0,1.0,2666,19.2583,C,0.75,yes,22
1.0,male,1.0,0.0,17572,76.7292,C,48.0,yes,25
3.0,male,0.0,0.0,349231,7.8958,S,19.0,no,17
1.0,male,0.0,0.0,13213,35.5,C,56.0,yes,35
3.0,male,0.0,0.0,751,7.55,S,29.69911764705882,no,18
3.0,female,0.0,0.0,2314,7.55,S,23.0,yes,31
3.0,male,0.0,0.0,349221,7.8958,S,29.69911764705882,no,17
2.0,female,0.0,1.0,231919,23.0,S,18.0,yes,19
3.0,male,0.0,0.0,8475,8.4333,S,21.0,no,30
3.0,female,0.0,0.0,330919,7.8292,Q,29.69911764705882,yes,29
3.0,female,0.0,0.0,365226,6.75,Q,18.0,no,28
2.0,male,2.0,0.0,14879,73.5,S,24.0,no,25
3.0,male,0.0,0.0,349223,7.8958,S,29.69911764705882,no,21
3.0,female,1.0,1.0,364849,15.5,Q,32.0,no,29
2.0,male,0.0,0.0,29751,13.0,S,23.0,no,28
1.0,male,0.0,2.0,35273,113.275,C,58.0,no,26
1.0,male,2.0,0.0,17611,133.65,S,50.0,yes,29
3.0,male,0.0,0.0,2623,7.225,C,40.0,no,17
1.0,male,0.0,0.0,5727,25.5875,S,47.0,no,26
3.0,male,0.0,0.0,349210,7.4958,S,36.0,no,16
3.0,male,1.0,0.0,3101285,7.925,S,20.0,yes,27
2.0,male,2.0,0.0,14879,73.5,S,32.0,no,18
2.0,male,0.0,0.0,234686,13.0,S,25.0,no,27
3.0,male,0.0,0.0,312993,7.775,S,29.69911764705882,no,26
3.0,male,0.0,0.0,3536,8.05,S,43.0,no,15
1.0,female,1.0,0.0,19996,52.0,S,29.69911764705882,yes,49
2.0,female,1.0,1.0,29750,39.0,S,40.0,yes,61
1.0,male,1.0,0.0,12750,52.0,S,31.0,no,22
2.0,male,0.0,0.0,24580,10.5,S,70.0,no,27
2.0,male,0.0,0.0,244270,13.0,S,31.0,yes,21
2.0,male,0.0,0.0,239856,0.0,S,29.69911764705882,no,26
3.0,male,0.0,0.0,349912,7.775,S,18.0,no,30
3.0,male,0.0,0.0,342826,8.05,S,24.5,no,29
3.0,female,0.0,0.0,4138,9.8417,S,18.0,yes,23
3.0,female,1.0,6.0,2144,46.9,S,43.0,no,39
1.0,male,0.0,1.0,17755,512.3292,C,36.0,yes,34
3.0,female,0.0,0.0,330935,8.1375,Q,29.69911764705882,no,19
1.0,male,0.0,0.0,17572,76.7292,C,27.0,yes,18
3.0,male,0.0,0.0,6563,9.225,S,20.0,no,27
3.0,male,5.0,2.0,2144,46.9,S,14.0,no,27
2.0,male,1.0,1.0,29750,39.0,S,60.0,no,33
2.0,male,1.0,2.0,2123,41.5792,C,25.0,no,38
3.0,male,4.0,1.0,3101295,39.6875,S,14.0,no,24
3.0,male,0.0,0.0,349228,10.1708,S,19.0,no,17
3.0,male,0.0,0.0,350036,7.7958,S,18.0,no,31
1.0,female,0.0,1.0,24160,211.3375,S,15.0,yes,33
1.0,male,1.0,0.0,17474,57.0,S,31.0,yes,23
3.0,female,0.0,1.0,349256,13.4167,C,4.0,yes,18
3.0,male,0.0,0.0,1601,56.4958,S,29.69911764705882,yes,12
3.0,male,0.0,0.0,2672,7.225,C,25.0,no,16
1.0,male,0.0,0.0,113800,26.55,S,60.0,no,15
2.0,male,0.0,0.0,248731,13.5,S,52.0,no,26
3.0,male,0.0,0.0,363592,8.05,S,44.0,no,16
3.0,female,0.0,0.0,35852,7.7333,Q,29.69911764705882,yes,32
1.0,male,1.0,1.0,17421,110.8833,C,49.0,no,24
3.0,male,0.0,0.0,348121,7.65,S,42.0,no,40
1.0,female,1.0,0.0,17757,227.525,C,18.0,yes,49
1.0,male,0.0,0.0,17475,26.2875,S,35.0,yes,32
3.0,female,0.0,1.0,2691,14.4542,C,18.0,no,21
3.0,male,0.0,0.0,36864,7.7417,Q,25.0,no,21
3.0,male,1.0,0.0,350025,7.8542,S,26.0,no,23
2.0,male,0.0,0.0,250655,26.0,S,39.0,no,46
2.0,female,0.0,0.0,223596,13.5,S,45.0,yes,29
1.0,male,0.0,0.0,17476,26.2875,S,42.0,yes,33
1.0,female,0.0,0.0,113781,151.55,S,22.0,yes,20
3.0,male,1.0,1.0,2661,15.2458,C,29.69911764705882,yes,49
1.0,female,0.0,0.0,17482,49.5042,C,24.0,yes,48
1.0,male,0.0,0.0,113028,26.55,S,29.69911764705882,no,18
1.0,male,1.0,0.0,19996,52.0,S,48.0,yes,24
3.0,male,0.0,0.0,7545,9.4833,S,29.0,no,26
2.0,male,0.0,0.0,250647,13.0,S,52.0,no,21
3.0,male,0.0,0.0,348124,7.65,S,19.0,no,42
1.0,female,0.0,0.0,17757,227.525,C,38.0,yes,29
2.0,female,0.0,0.0,34218,10.5,S,27.0,yes,35
3.0,male,0.0,0.0,36568,15.5,Q,29.69911764705882,no,19
3.0,male,0.0,0.0,347062,7.775,S,33.0,no,28
2.0,female,0.0,1.0,248727,33.0,S,6.0,yes,33
3.0,male,1.0,0.0,350048,7.0542,S,17.0,no,25
2.0,male,0.0,0.0,12233,13.0,S,34.0,no,28
2.0,male,0.0,0.0,250643,13.0,S,50.0,no,23
1.0,male,1.0,0.0,113806,53.1,S,27.0,yes,29
3.0,male,0.0,0.0,315094,8.6625,S,20.0,no,19
2.0,female,3.0,0.0,31027,21.0,S,30.0,yes,43
3.0,female,0.0,0.0,36866,7.7375,Q,29.69911764705882,yes,24
2.0,male,1.0,0.0,236853,26.0,S,25.0,no,31
3.0,female,1.0,0.0,3101271,7.925,S,25.0,no,29
1.0,female,0.0,0.0,24160,211.3375,S,29.0,yes,29
3.0,male,0.0,0.0,2699,18.7875,C,11.0,no,24
2.0,male,0.0,0.0,239855,0.0,S,29.69911764705882,no,20
2.0,male,0.0,0.0,28425,13.0,S,23.0,no,26
2.0,male,0.0,0.0,233639,13.0,S,23.0,no,28
3.0,male,0.0,0.0,54636,16.1,S,28.5,no,20
3.0,female,1.0,3.0,6608,34.375,S,48.0,no,39
1.0,male,0.0,0.0,17755,512.3292,C,35.0,yes,22
3.0,male,0.0,0.0,349201,7.8958,S,29.69911764705882,no,18
3.0,male,0.0,0.0,349218,7.8958,S,29.69911764705882,no,18
1.0,male,0.0,0.0,16988,30.0,S,29.69911764705882,yes,27
1.0,male,1.0,0.0,19877,78.85,S,36.0,no,29
1.0,female,2.0,2.0,17608,262.375,C,21.0,yes,37
3.0,male,1.0,0.0,376566,16.1,S,24.0,no,17
3.0,male,0.0,0.0,3101288,7.925,S,31.0,yes,18
1.0,male,1.0,1.0,5735,71.0,S,70.0,no,28
3.0,male,1.0,1.0,2673,20.25,S,16.0,no,27
2.0,female,0.0,0.0,250648,13.0,S,30.0,yes,21
1.0,male,1.0,0.0,113773,53.1,S,19.0,no,25
3.0,male,0.0,0.0,335097,7.75,Q,31.0,no,23
2.0,female,1.0,1.0,29103,23.0,S,4.0,yes,17
3.0,male,0.0,1.0,392096,12.475,S,6.0,yes,19
3.0,male,0.0,0.0,345780,9.5,S,33.0,no,32
3.0,male,0.0,0.0,349204,7.8958,S,23.0,no,18
2.0,female,1.0,2.0,220845,65.0,S,48.0,yes,32
2.0,male,1.0,1.0,250649,14.5,S,0.67,yes,25
3.0,male,0.0,0.0,350042,7.7958,S,28.0,no,28
2.0,male,0.0,0.0,29108,11.5,S,18.0,no,24
3.0,male,0.0,0.0,363294,8.05,S,34.0,no,28
1.0,female,0.0,0.0,110152,86.5,S,33.0,yes,56
3.0,male,0.0,0.0,358585,14.5,S,29.69911764705882,no,18
3.0,male,0.0,0.0,3101272,7.125,S,41.0,no,30
3.0,male,0.0,0.0,2663,7.2292,C,20.0,yes,21
1.0,female,1.0,2.0,113760,120.0,S,36.0,yes,41
3.0,male,0.0,0.0,347074,7.775,S,16.0,no,22
1.0,female,1.0,0.0,13502,77.9583,S,51.0,yes,36
1.0,male,0.0,0.0,112379,39.6,C,29.69911764705882,no,25
3.0,female,0.0,0.0,364850,7.75,Q,30.5,no,18
3.0,male,1.0,0.0,371110,24.15,Q,29.69911764705882,no,19
3.0,male,0.0,0.0,8471,8.3625,S,32.0,no,32
3.0,male,0.0,0.0,345781,9.5,S,24.0,no,22
3.0,male,0.0,0.0,350047,7.8542,S,48.0,no,23
2.0,female,0.0,0.0,3,10.5,S,57.0,no,17
3.0,male,0.0,0.0,2674,7.225,C,29.69911764705882,no,15
2.0,female,1.0,3.0,29105,23.0,S,54.0,yes,37
3.0,male,0.0,0.0,347078,7.75,S,18.0,no,39
3.0,male,0.0,0.0,383121,7.75,Q,29.69911764705882,no,16
3.0,female,0.0,0.0,364516,12.475,S,5.0,yes,29
3.0,male,0.0,0.0,36865,7.7375,Q,29.69911764705882,no,23
1.0,female,0.0,1.0,24160,211.3375,S,43.0,yes,53
3.0,female,0.0,0.0,2687,7.2292,C,13.0,yes,20
1.0,female,1.0,0.0,17474,57.0,S,17.0,yes,41
1.0,male,0.0,0.0,113501,30.0,S,29.0,no,22
3.0,male,1.0,2.0,6607,23.45,S,29.69911764705882,no,22
3.0,male,0.0,0.0,3101312,7.05,S,25.0,no,16
3.0,male,0.0,0.0,374887,7.25,S,25.0,no,34
3.0,female,0.0,0.0,3101265,7.4958,S,18.0,yes,25
3.0,male,4.0,1.0,382652,29.125,Q,8.0,no,25
3.0,male,1.0,2.0,2315,20.575,S,1.0,yes,26
1.0,male,0.0,0.0,17593,79.2,C,46.0,no,24
3.0,male,0.0,0.0,12460,7.75,Q,29.69911764705882,no,24
2.0,male,0.0,0.0,239865,26.0,S,16.0,no,19
3.0,female,8.0,2.0,2343,69.55,S,29.69911764705882,no,23
1.0,male,0.0,0.0,17600,30.6958,C,29.69911764705882,no,24
3.0,male,0.0,0.0,349203,7.8958,S,25.0,no,21
2.0,male,0.0,0.0,28213,13.0,S,39.0,no,18
1.0,female,0.0,0.0,17465,25.9292,S,49.0,yes,27
3.0,female,0.0,0.0,349244,8.6833,S,31.0,yes,16
3.0,male,0.0,0.0,2685,7.2292,C,30.0,no,28
3.0,female,1.0,1.0,345773,24.15,S,30.0,no,52
2.0,male,0.0,0.0,250647,13.0,S,34.0,no,20
2.0,female,1.0,1.0,31921,26.25,S,31.0,yes,43
1.0,male,1.0,2.0,113760,120.0,S,11.0,yes,35
3.0,male,0.0,1.0,2625,8.5167,C,0.42,yes,31
3.0,male,0.0,0.0,347089,6.975,S,27.0,yes,23
3.0,male,0.0,0.0,347063,7.775,S,31.0,no,25
1.0,male,0.0,0.0,112050,0.0,S,39.0,no,22
3.0,female,0.0,0.0,347087,7.775,S,18.0,no,31
2.0,male,0.0,0.0,248723,13.0,S,39.0,no,17
1.0,female,1.0,0.0,113806,53.1,S,33.0,yes,46
3.0,male,0.0,0.0,3474,7.8875,S,26.0,no,22
3.0,male,0.0,0.0,48871,24.15,S,39.0,no,17
2.0,male,0.0,0.0,28206,10.5,S,35.0,no,25
3.0,female,4.0,2.0,347082,31.275,S,6.0,no,34
3.0,male,0.0,0.0,364499,8.05,S,30.5,no,26
1.0,male,0.0,0.0,112058,0.0,S,29.69911764705882,no,16
3.0,female,0.0,0.0,3101290,7.925,S,23.0,no,28
2.0,male,1.0,1.0,2079,37.0042,C,31.0,no,18
3.0,male,0.0,0.0,7075,6.45,S,43.0,no,32
3.0,male,3.0,2.0,347088,27.9,S,10.0,no,28
1.0,female,1.0,1.0,12749,93.5,S,52.0,yes,50
3.0,male,0.0,0.0,315098,8.6625,S,27.0,yes,17
1.0,male,0.0,0.0,19972,0.0,S,38.0,no,31
3.0,female,0.0,1.0,392096,12.475,S,27.0,yes,18
3.0,male,4.0,1.0,3101295,39.6875,S,2.0,no,28
3.0,male,0.0,0.0,368323,6.95,Q,29.69911764705882,no,15
3.0,male,0.0,0.0,1601,56.4958,S,29.69911764705882,no,12
2.0,male,0.0,2.0,2079,37.0042,C,1.0,yes,21
3.0,male,0.0,0.0,367228,7.75,Q,29.69911764705882,yes,28
3.0,female,1.0,0.0,2659,14.4542,C,15.0,yes,39
2.0,male,1.0,1.0,29106,18.75,S,0.83,yes,31
3.0,male,0.0,0.0,2671,7.2292,C,29.69911764705882,no,14
3.0,male,0.0,0.0,347468,7.8542,S,23.0,no,22
3.0,male,0.0,0.0,2223,8.3,S,18.0,no,22
1.0,female,1.0,1.0,17756,83.1583,C,39.0,yes,27
3.0,male,0.0,0.0,315097,8.6625,S,21.0,no,16
3.0,male,0.0,0.0,392092,8.05,S,29.69911764705882,no,19
3.0,male,0.0,0.0,1601,56.4958,S,32.0,yes,15
1.0,male,0.0,0.0,11774,29.7,C,29.69911764705882,yes,20
3.0,male,0.0,0.0,3101287,7.925,S,20.0,no,27
2.0,male,0.0,0.0,3,10.5,S,16.0,no,24
1.0,female,0.0,0.0,113798,31.0,C,30.0,yes,23
3.0,male,0.0,0.0,2683,6.4375,C,34.5,no,26
3.0,male,0.0,0.0,315090,8.6625,S,17.0,no,19
3.0,male,0.0,0.0,5547,7.55,S,42.0,no,19
3.0,male,8.0,2.0,2343,69.55,S,29.69911764705882,no,24
3.0,male,0.0,0.0,349213,7.8958,C,35.0,no,18
2.0,male,0.0,1.0,248727,33.0,S,28.0,no,17
1.0,female,1.0,0.0,17453,89.1042,C,29.69911764705882,yes,44
3.0,male,4.0,2.0,347082,31.275,S,4.0,no,39
3.0,male,0.0,0.0,347060,7.775,S,74.0,no,19
3.0,female,1.0,1.0,2678,15.2458,C,9.0,no,23
1.0,female,0.0,1.0,17592,39.4,S,16.0,yes,25
2.0,female,1.0,0.0,244252,26.0,S,44.0,no,45
3.0,female,0.0,1.0,392091,9.35,S,18.0,yes,26
1.0,female,1.0,1.0,36928,164.8667,S,45.0,yes,42
1.0,male,0.0,0.0,113055,26.55,S,51.0,yes,22
3.0,female,0.0,3.0,2666,19.2583,C,24.0,yes,37
3.0,male,0.0,0.0,2629,7.2292,C,29.69911764705882,no,16
3.0,male,2.0,0.0,350026,14.1083,S,41.0,no,23
2.0,male,1.0,0.0,28134,11.5,S,21.0,no,27
1.0,female,0.0,0.0,17466,25.9292,S,48.0,yes,51
3.0,female,8.0,2.0,2343,69.55,S,29.69911764705882,no,33
2.0,male,0.0,0.0,233866,13.0,S,24.0,no,22
2.0,female,0.0,0.0,236852,13.0,S,42.0,yes,24
2.0,female,1.0,0.0,2149,13.8583,C,27.0,yes,28
1.0,male,0.0,0.0,17590,50.4958,S,31.0,no,36
3.0,male,0.0,0.0,345777,9.5,S,29.69911764705882,no,27
3.0,male,1.0,1.0,347742,11.1333,S,4.0,yes,31
3.0,male,0.0,0.0,349248,7.8958,S,26.0,no,17
1.0,female,1.0,1.0,11751,52.5542,S,47.0,yes,48
1.0,male,0.0,0.0,695,5.0,S,33.0,no,24
3.0,male,0.0,0.0,345765,9.0,S,47.0,no,27
2.0,female,1.0,0.0,3381,24.0,C,28.0,yes,37
3.0,female,0.0,0.0,2667,7.225,C,15.0,yes,32
3.0,male,0.0,0.0,7534,9.8458,S,20.0,no,29
3.0,male,0.0,0.0,349212,7.8958,S,19.0,no,20
3.0,male,0.0,0.0,349217,7.8958,S,29.69911764705882,no,18
1.0,female,0.0,1.0,11767,83.1583,C,56.0,yes,45
2.0,female,0.0,1.0,230433,26.0,S,25.0,yes,44
3.0,male,0.0,0.0,349257,7.8958,S,33.0,no,18
3.0,female,0.0,0.0,7552,10.5167,S,22.0,no,28
2.0,male,0.0,0.0,34068,10.5,S,28.0,no,29
3.0,male,0.0,0.0,392076,7.05,S,25.0,no,22
3.0,female,0.0,5.0,382652,29.125,Q,39.0,no,36
2.0,male,0.0,0.0,211536,13.0,S,27.0,no,21
1.0,female,0.0,0.0,112053,30.0,S,19.0,yes,28
3.0,female,1.0,2.0,6607,23.45,S,29.69911764705882,no,40
1.0,male,0.0,0.0,111369,30.0,C,26.0,yes,21
3.0,male,0.0,0.0,370376,7.75,Q,32.0,no,19
